{
    "accuracy": [
        0.28050437569618225,
        0.38050785660743713,
        0.43439340591430664,
        0.46650874614715576,
        0.4806855022907257
    ],
    "loss": [
        1.7604972124099731,
        1.5830801725387573,
        1.4690724611282349,
        1.4011356830596924,
        1.3637795448303223
    ],
    "val_accuracy": [
        0.3900808095932007,
        0.4586235582828522,
        0.48481470346450806,
        0.4959598779678345,
        0.4845360815525055
    ],
    "val_loss": [
        1.600610375404358,
        1.4308596849441528,
        1.3283841609954834,
        1.3091264963150024,
        1.3433645963668823
    ],
    "learning_rate": [
        0.0010000000474974513,
        0.0010000000474974513,
        0.0010000000474974513,
        0.0010000000474974513,
        0.0010000000474974513
    ]
}