{
    "val_loss": 1.3091264963150024,
    "val_accuracy": 0.4959598779678345
}